{"cameraMode":{"drawMode":0,"name":"Shaded","section":"Shading Mode"},"sceneLighting":true,"audioPlay":false,"sceneViewState":{"m_AlwaysRefresh":false,"showFog":true,"showSkybox":true,"showFlares":true,"showImageEffects":true,"showParticleSystems":true,"showVisualEffectGraphs":true,"m_FxEnabled":true},"in2DMode":false,"pivot":{"x":-110.72100830078125,"y":8.887248039245606,"z":11.903973579406739},"rotation":{"x":0.0002175318222725764,"y":-0.9989636540412903,"z":0.004804616793990135,"w":0.0452759712934494},"size":0.33857494592666628,"orthographic":false}